600030,中信证券
601211,国泰君安
601688,华泰证券
601881,中国银河
600837,海通证券
601066,中信建投
000776,广发证券
601995,中金公司
000166,申万宏源
601878,浙商证券
600999,招商证券
600958,东方证券
601377,兴业证券
002736,国信证券
600061,国投资本
600918,中泰证券
601788,光大证券
601555,东吴证券
000783,长江证券
600109,国金证券
000686,东北证券
002673,西部证券
601108,财通证券
601901,方正证券
000728,国元证券
601162,天风证券
002500,山西证券
002926,华西证券
002939,长城证券
601059,信达证券
600909,华安证券
600864,哈投股份
000750,国海证券
601198,东兴证券
600155,华创云信
600369,西南证券
002797,第一创业
601696,中银证券
601456,国联证券
601990,南京证券
600906,财达证券
600095,湘财股份
600621,华鑫股份
601236,红塔证券
601099,太平洋	
601375,中原证券
601136,首创证券
002670,国盛金控
002945,华林证券
000712,锦龙股份
