 603661	恒林股份
 002918	蒙娜丽莎
 002084	海鸥住工
 603226	菲林格尔
 601996	丰林集团
 002631	德尔未来
 002790	瑞尔特
 003011	海象新材
 603898	好莱客
 300749	顶固集创
 603326	我乐家居
 600337	美克家居
 002572	索菲亚
 603268	松发股份
 603848	好太太
 603408	建霖家居
 603833	欧派家居
 001323	慕思股份
 603208	江山欧派
 002798	帝欧家居
 300616	尚品宅配
 301376	致欧科技
 001216	华瓷股份
 603385	惠达卫浴
 603818	曲美家居
 301356	天振股份
 603709	中源家居
 001322	箭牌家居
 603816	顾家家居
 603216	梦天家居
 301336	趣睡科技
 000910	大亚圣象
 603180	金牌厨柜
 002853	皮阿诺
 603313	梦百合
 603389	亚振家居
 605268	王力安防
 603801	志邦家居
 603008	喜临门
 603838	四通股份
 301061	匠心家居
 603221	爱丽家居
 301227	森鹰窗业
 003012	东鹏控股
